Series▲▼(all)CDR-MIL-PRF-55681DSCC 03028DSCC 03029DSCC 05001DSCC 05002DSCC 05003DSCC 05006DSCC 05007GA....31G Automotive Extended Bending MLCCGA....31G Automotive MLCCGA....31M, GA....34G Automotive HIFREQ SeriesGA....34G Automotive MLCCGA....EDG Automotive ESD MLCCHV High Voltage SeriesMIL-PRF-123VJ BX SeriesVJ Commercial SeriesVJ Hi-Rel SeriesVJ HIFREQ High Temperature (HT) SeriesVJ HIFREQ SeriesVJ HVArc Guard® SeriesVJ Non-Magnetic SeriesVJ Open Mode Design SeriesVJ Safety Certified CapacitorsVJ Source Energy SeriesVJ X8RVJ....32 Lead-Bearing Finish MLCCsVJ....W1BC Basic Commodity SeriesVJ....W1BC Ultra High Q/Low ESRVJ....W1BC Ultra Small Series 0201;Product Image;Type▲▼(all)Capacitors, Fixed;Technology▲▼(all)MLCC;Description▲▼(all)Surface Mount Multilayer Ceramic CapacitorsSurface Mount Multilayer Ceramic Capacitors for Pulse Current ApplicationsSurface Mount Multilayer Ceramic Chip Capacitor for Flex Sensitive ApplicationsSurface Mount Multilayer Ceramic Chip Capacitor for High Voltage ApplicationsSurface Mount Multilayer Ceramic Chip Capacitor to Prohibit Arc-Over in High-Voltage ApplicationsSurface Mount Multilayer Ceramic Chip Capacitors DSCC Qualified Type 03028Surface Mount Multilayer Ceramic Chip Capacitors DSCC Qualified Type 03029Surface Mount Multilayer Ceramic Chip Capacitors DSCC Qualified Type 05006Surface Mount Multilayer Ceramic Chip Capacitors DSCC Qualified Type 05007Surface Mount Multilayer Ceramic Chip Capacitors for Automotive ApplicationsSurface Mount Multilayer Ceramic Chip Capacitors for Automotive Applications With Extended Bending CapabilitySurface Mount Multilayer Ceramic Chip Capacitors for Automotive High Frequency ApplicationsSurface Mount Multilayer Ceramic Chip Capacitors for Commercial ApplicationsSurface Mount Multilayer Ceramic Chip Capacitors for Commodity ApplicationsSurface Mount Multilayer Ceramic Chip Capacitors for Electro Static Discharge (ESD) Sensitive Automotive ApplicationsSurface Mount Multilayer Ceramic Chip Capacitors for High Frequency ApplicationsSurface Mount Multilayer Ceramic Chip Capacitors for High Reliability ApplicationsSurface Mount Multilayer Ceramic Chip Capacitors for High Temperature Applications Up to 150 °CSurface Mount Multilayer Ceramic Chip Capacitors for High Temperatures 175 °C / 200 °CSurface Mount Multilayer Ceramic Chip Capacitors for Non-Magnetic ApplicationsSurface Mount Multilayer Ceramic Chip Capacitors for Safety Certified ApplicationsSurface Mount Multilayer Ceramic Chip Capacitors for Ultra High Q Commodity ApplicationsSurface Mount Multilayer Ceramic Chip Capacitors for Ultra Small Commodity ApplicationsSurface Mount Multilayer Ceramic Chip Capacitors High Frequency DSCC Qualified Type 05001Surface Mount Multilayer Ceramic Chip Capacitors High Frequency DSCC Qualified Type 05002Surface Mount Multilayer Ceramic Chip Capacitors MIL Qualified, Type CDRSurface Mount Multilayer Ceramic Chip Capacitors MIL Qualified, Type MIL-123Surface Mount Multilayer Ceramic Chip Capacitors With Lead-Bearing Finish Termination;Mounting▲▼(all)Surface Mount;Voltage(V)▲▼(all)6.3165010020025050060063010001500200025003000360040005000600072008000;Capacitance (min.)▲▼(all)0.1 pF0.2 pF0.3 pF0.5 pF1 nF1 pF1.1 nF1.2 nF1.5 pF2.2 nF3.3 nF3.6 nF3.9 nF4.7 nF5 nF5.6 nF10 nF10 pF12 nF15 nF15 pF18 nF22 pF27 nF27 pF33 nF33 pF39 nF39 pF47 nF47 pF51 pF56 nF56 pF100 nF100 pF120 nF120 pF150 pF220 nF220 pF270 pF300 pF330 pF390 nF390 pF470 pF510 pF680 pF820 pF1.5  uF;Capacitance (max.)▲▼(all)1 nF1.0 uF1.2 uF1.5 nF1.5 uF1.8 nF1.8 uF2.2 nF2.2 uF2.7 nF2.7 uF3 nF3.3 nF3.9 nF4.7 nF4.7 uF5.6 nF6.8 nF6.8 uF8.2 nF10 nF10 uF12 nF18 nF22 nF22 pF22 uF27 nF27 pF33 nF33 pF39 nF47 nF47 pF47 uF56 nF68 nF82 nF82 pF100 nF100 pF100 uF120 pF150 nF150 pF180 nF180 pF220 nF220 pF220 uF270 nF270 pF330 nF390 nF390 pF470 nF470 pF560 nF680 nF680 pF820 pF;Dielectric▲▼(all)BPBRBXC0G (NP0)C0G (NP0) (X1 / Y2)C0G (NP0) (X2)D = HIFREQUltra High QX = BXX5RX7RX7R (X1 / Y2)X7R (X2)X7R (X5P)X8R;Image path
VJ Hi-Rel Series;Enlarge;Capacitors, Fixed;MLCC;Surface Mount Multilayer Ceramic Chip Capacitors for High Reliability Applications;Surface Mount;6.3;120 nF;150 nF;X5R;image/capacitors/ceramic/ceramic-multilayer-smd/45200.png
VJ....W1BC Ultra Small Series 0201;Enlarge;Capacitors, Fixed;MLCC;Surface Mount Multilayer Ceramic Chip Capacitors for Ultra Small Commodity Applications;Surface Mount;50;0.5 pF;120 pF;C0G (NP0);image/capacitors/ceramic/ceramic-multilayer-smd/28538.png
CDR-MIL-PRF-55681;Enlarge;Capacitors, Fixed;MLCC;Surface Mount Multilayer Ceramic Chip Capacitors MIL Qualified, Type CDR;Surface Mount;50;100 pF;10 nF;BR;image/capacitors/ceramic/ceramic-multilayer-smd/45026.png
CDR-MIL-PRF-55681;Enlarge;Capacitors, Fixed;MLCC;Surface Mount Multilayer Ceramic Chip Capacitors MIL Qualified, Type CDR;Surface Mount;50;100 pF;8.2 nF;BX;image/capacitors/ceramic/ceramic-multilayer-smd/45026.png
VJ....W1BC Ultra Small Series 0201;Enlarge;Capacitors, Fixed;MLCC;Surface Mount Multilayer Ceramic Chip Capacitors for Ultra Small Commodity Applications;Surface Mount;50;100 pF;1.0 uF;X5R;image/capacitors/ceramic/ceramic-multilayer-smd/28538.png
VJ....W1BC Ultra Small Series 0201;Enlarge;Capacitors, Fixed;MLCC;Surface Mount Multilayer Ceramic Chip Capacitors for Ultra Small Commodity Applications;Surface Mount;50;100 pF;10 nF;X7R;image/capacitors/ceramic/ceramic-multilayer-smd/28538.png
CDR-MIL-PRF-55681;Enlarge;Capacitors, Fixed;MLCC;Surface Mount Multilayer Ceramic Chip Capacitors MIL Qualified, Type CDR;Surface Mount;50;390 nF;470 nF;BX;image/capacitors/ceramic/ceramic-multilayer-smd/45026.png
CDR-MIL-PRF-55681;Enlarge;Capacitors, Fixed;MLCC;Surface Mount Multilayer Ceramic Chip Capacitors MIL Qualified, Type CDR;Surface Mount;100;1 pF;680 pF;BP;image/capacitors/ceramic/ceramic-multilayer-smd/45026.png
CDR-MIL-PRF-55681;Enlarge;Capacitors, Fixed;MLCC;Surface Mount Multilayer Ceramic Chip Capacitors MIL Qualified, Type CDR;Surface Mount;100;1 pF;2.2 nF;BP;image/capacitors/ceramic/ceramic-multilayer-smd/45026.png
CDR-MIL-PRF-55681;Enlarge;Capacitors, Fixed;MLCC;Surface Mount Multilayer Ceramic Chip Capacitors MIL Qualified, Type CDR;Surface Mount;100;10 pF;180 pF;BP;image/capacitors/ceramic/ceramic-multilayer-smd/45026.png
CDR-MIL-PRF-55681;Enlarge;Capacitors, Fixed;MLCC;Surface Mount Multilayer Ceramic Chip Capacitors MIL Qualified, Type CDR;Surface Mount;100;22 pF;150 pF;BP;image/capacitors/ceramic/ceramic-multilayer-smd/45026.png
CDR-MIL-PRF-55681;Enlarge;Capacitors, Fixed;MLCC;Surface Mount Multilayer Ceramic Chip Capacitors MIL Qualified, Type CDR;Surface Mount;100;51 pF;1 nF;BP;image/capacitors/ceramic/ceramic-multilayer-smd/45026.png
CDR-MIL-PRF-55681;Enlarge;Capacitors, Fixed;MLCC;Surface Mount Multilayer Ceramic Chip Capacitors MIL Qualified, Type CDR;Surface Mount;100;100 pF;100 nF;BR;image/capacitors/ceramic/ceramic-multilayer-smd/45026.png
CDR-MIL-PRF-55681;Enlarge;Capacitors, Fixed;MLCC;Surface Mount Multilayer Ceramic Chip Capacitors MIL Qualified, Type CDR;Surface Mount;100;100 pF;56 nF;BX;image/capacitors/ceramic/ceramic-multilayer-smd/45026.png
CDR-MIL-PRF-55681;Enlarge;Capacitors, Fixed;MLCC;Surface Mount Multilayer Ceramic Chip Capacitors MIL Qualified, Type CDR;Surface Mount;100;120 pF;4.7 nF;BX;image/capacitors/ceramic/ceramic-multilayer-smd/45026.png
CDR-MIL-PRF-55681;Enlarge;Capacitors, Fixed;MLCC;Surface Mount Multilayer Ceramic Chip Capacitors MIL Qualified, Type CDR;Surface Mount;100;220 pF;270 pF;BP;image/capacitors/ceramic/ceramic-multilayer-smd/45026.png
CDR-MIL-PRF-55681;Enlarge;Capacitors, Fixed;MLCC;Surface Mount Multilayer Ceramic Chip Capacitors MIL Qualified, Type CDR;Surface Mount;100;330 pF;1 nF;BP;image/capacitors/ceramic/ceramic-multilayer-smd/45026.png
CDR-MIL-PRF-55681;Enlarge;Capacitors, Fixed;MLCC;Surface Mount Multilayer Ceramic Chip Capacitors MIL Qualified, Type CDR;Surface Mount;100;470 pF;18 nF;BX;image/capacitors/ceramic/ceramic-multilayer-smd/45026.png
CDR-MIL-PRF-55681;Enlarge;Capacitors, Fixed;MLCC;Surface Mount Multilayer Ceramic Chip Capacitors MIL Qualified, Type CDR;Surface Mount;100;1 nF;3.3 nF;BP;image/capacitors/ceramic/ceramic-multilayer-smd/45026.png
CDR-MIL-PRF-55681;Enlarge;Capacitors, Fixed;MLCC;Surface Mount Multilayer Ceramic Chip Capacitors MIL Qualified, Type CDR;Surface Mount;100;1.2 nF;3.3 nF;BP;image/capacitors/ceramic/ceramic-multilayer-smd/45026.png
CDR-MIL-PRF-55681;Enlarge;Capacitors, Fixed;MLCC;Surface Mount Multilayer Ceramic Chip Capacitors MIL Qualified, Type CDR;Surface Mount;100;2.2 nF;10 nF;BP;image/capacitors/ceramic/ceramic-multilayer-smd/45026.png
CDR-MIL-PRF-55681;Enlarge;Capacitors, Fixed;MLCC;Surface Mount Multilayer Ceramic Chip Capacitors MIL Qualified, Type CDR;Surface Mount;100;3.9 nF;22 nF;BX;image/capacitors/ceramic/ceramic-multilayer-smd/45026.png
CDR-MIL-PRF-55681;Enlarge;Capacitors, Fixed;MLCC;Surface Mount Multilayer Ceramic Chip Capacitors MIL Qualified, Type CDR;Surface Mount;100;4.7 nF;22 nF;BP;image/capacitors/ceramic/ceramic-multilayer-smd/45026.png
CDR-MIL-PRF-55681;Enlarge;Capacitors, Fixed;MLCC;Surface Mount Multilayer Ceramic Chip Capacitors MIL Qualified, Type CDR;Surface Mount;100;4.7 nF;39 nF;BX;image/capacitors/ceramic/ceramic-multilayer-smd/45026.png
CDR-MIL-PRF-55681;Enlarge;Capacitors, Fixed;MLCC;Surface Mount Multilayer Ceramic Chip Capacitors MIL Qualified, Type CDR;Surface Mount;100;12 nF;68 nF;BX;image/capacitors/ceramic/ceramic-multilayer-smd/45026.png
CDR-MIL-PRF-55681;Enlarge;Capacitors, Fixed;MLCC;Surface Mount Multilayer Ceramic Chip Capacitors MIL Qualified, Type CDR;Surface Mount;100;15 nF;100 nF;BX;image/capacitors/ceramic/ceramic-multilayer-smd/45026.png
CDR-MIL-PRF-55681;Enlarge;Capacitors, Fixed;MLCC;Surface Mount Multilayer Ceramic Chip Capacitors MIL Qualified, Type CDR;Surface Mount;100;27 nF;180 nF;BX;image/capacitors/ceramic/ceramic-multilayer-smd/45026.png
CDR-MIL-PRF-55681;Enlarge;Capacitors, Fixed;MLCC;Surface Mount Multilayer Ceramic Chip Capacitors MIL Qualified, Type CDR;Surface Mount;100;39 nF;180 nF;BX;image/capacitors/ceramic/ceramic-multilayer-smd/45026.png
CDR-MIL-PRF-55681;Enlarge;Capacitors, Fixed;MLCC;Surface Mount Multilayer Ceramic Chip Capacitors MIL Qualified, Type CDR;Surface Mount;100;56 nF;470 nF;BX;image/capacitors/ceramic/ceramic-multilayer-smd/45026.png
VJ HIFREQ High Temperature (HT) Series;Enlarge;Capacitors, Fixed;MLCC;Surface Mount Multilayer Ceramic Chip Capacitors for High Temperatures 175 °C / 200 °C;Surface Mount;100;0.1 pF;47 pF;D = HIFREQ;image/capacitors/ceramic/ceramic-multilayer-smd/45239.png
VJ HIFREQ High Temperature (HT) Series;Enlarge;Capacitors, Fixed;MLCC;Surface Mount Multilayer Ceramic Chip Capacitors for High Temperatures 175 °C / 200 °C;Surface Mount;200;0.1 pF;270 pF;D = HIFREQ;image/capacitors/ceramic/ceramic-multilayer-smd/45239.png
VJ HIFREQ Series;Enlarge;Capacitors, Fixed;MLCC;Surface Mount Multilayer Ceramic Chip Capacitors for High Frequency Applications;Surface Mount;200;0.1 pF;82 pF;D = HIFREQ;image/capacitors/ceramic/ceramic-multilayer-smd/45258.png
VJ HIFREQ High Temperature (HT) Series;Enlarge;Capacitors, Fixed;MLCC;Surface Mount Multilayer Ceramic Chip Capacitors for High Temperatures 175 °C / 200 °C;Surface Mount;250;0.1 pF;470 pF;D = HIFREQ;image/capacitors/ceramic/ceramic-multilayer-smd/45239.png
VJ HIFREQ High Temperature (HT) Series;Enlarge;Capacitors, Fixed;MLCC;Surface Mount Multilayer Ceramic Chip Capacitors for High Temperatures 175 °C / 200 °C;Surface Mount;250;0.1 pF;1 nF;D = HIFREQ;image/capacitors/ceramic/ceramic-multilayer-smd/45239.png
VJ HIFREQ Series;Enlarge;Capacitors, Fixed;MLCC;Surface Mount Multilayer Ceramic Chip Capacitors for High Frequency Applications;Surface Mount;250;0.1 pF;1 nF;D = HIFREQ;image/capacitors/ceramic/ceramic-multilayer-smd/45258.png
VJ HIFREQ Series;Enlarge;Capacitors, Fixed;MLCC;Surface Mount Multilayer Ceramic Chip Capacitors for High Frequency Applications;Surface Mount;250;0.1 pF;470 pF;D = HIFREQ;image/capacitors/ceramic/ceramic-multilayer-smd/45258.png
VJ HIFREQ Series;Enlarge;Capacitors, Fixed;MLCC;Surface Mount Multilayer Ceramic Chip Capacitors for High Frequency Applications;Surface Mount;500;0.1 pF;1 nF;D = HIFREQ;image/capacitors/ceramic/ceramic-multilayer-smd/45258.png
VJ Safety Certified Capacitors;Enlarge;Capacitors, Fixed;MLCC;Surface Mount Multilayer Ceramic Chip Capacitors for Safety Certified Applications;Surface Mount;250;10 pF;220 pF;C0G (NP0) (X1 / Y2);image/capacitors/ceramic/ceramic-multilayer-smd/45255.png
VJ Safety Certified Capacitors;Enlarge;Capacitors, Fixed;MLCC;Surface Mount Multilayer Ceramic Chip Capacitors for Safety Certified Applications;Surface Mount;250;10 pF;390 pF;C0G (NP0) (X2);image/capacitors/ceramic/ceramic-multilayer-smd/45255.png
VJ Safety Certified Capacitors;Enlarge;Capacitors, Fixed;MLCC;Surface Mount Multilayer Ceramic Chip Capacitors for Safety Certified Applications;Surface Mount;250;47 pF;1 nF;C0G (NP0) (X1 / Y2);image/capacitors/ceramic/ceramic-multilayer-smd/45255.png
VJ Safety Certified Capacitors;Enlarge;Capacitors, Fixed;MLCC;Surface Mount Multilayer Ceramic Chip Capacitors for Safety Certified Applications;Surface Mount;250;100 pF;1 nF;X7R (X1 / Y2);image/capacitors/ceramic/ceramic-multilayer-smd/45255.png
VJ Safety Certified Capacitors;Enlarge;Capacitors, Fixed;MLCC;Surface Mount Multilayer Ceramic Chip Capacitors for Safety Certified Applications;Surface Mount;250;100 pF;2.7 nF;X7R (X2);image/capacitors/ceramic/ceramic-multilayer-smd/45255.png
VJ Safety Certified Capacitors;Enlarge;Capacitors, Fixed;MLCC;Surface Mount Multilayer Ceramic Chip Capacitors for Safety Certified Applications;Surface Mount;250;270 pF;4.7 nF;X7R (X1 / Y2);image/capacitors/ceramic/ceramic-multilayer-smd/45255.png
VJ Safety Certified Capacitors;Enlarge;Capacitors, Fixed;MLCC;Surface Mount Multilayer Ceramic Chip Capacitors for Safety Certified Applications;Surface Mount;250;270 pF;12 nF;X7R (X2);image/capacitors/ceramic/ceramic-multilayer-smd/45255.png
VJ HIFREQ High Temperature (HT) Series;Enlarge;Capacitors, Fixed;MLCC;Surface Mount Multilayer Ceramic Chip Capacitors for High Temperatures 175 °C / 200 °C;Surface Mount;500;0.2 pF;3.3 nF;D = HIFREQ;image/capacitors/ceramic/ceramic-multilayer-smd/45239.png
HV High Voltage Series;Enlarge;Capacitors, Fixed;MLCC;Surface Mount Multilayer Ceramic Chip Capacitor for High Voltage Applications;Surface Mount;1500;10 pF;120 pF;C0G (NP0);image/capacitors/ceramic/ceramic-multilayer-smd/45228.png
HV High Voltage Series;Enlarge;Capacitors, Fixed;MLCC;Surface Mount Multilayer Ceramic Chip Capacitor for High Voltage Applications;Surface Mount;1500;33 nF;220 nF;X7R;image/capacitors/ceramic/ceramic-multilayer-smd/45228.png
HV High Voltage Series;Enlarge;Capacitors, Fixed;MLCC;Surface Mount Multilayer Ceramic Chip Capacitor for High Voltage Applications;Surface Mount;1500;100 nF;560 nF;X7R;image/capacitors/ceramic/ceramic-multilayer-smd/45228.png
HV High Voltage Series;Enlarge;Capacitors, Fixed;MLCC;Surface Mount Multilayer Ceramic Chip Capacitor for High Voltage Applications;Surface Mount;2000;10 pF;120 pF;C0G (NP0);image/capacitors/ceramic/ceramic-multilayer-smd/45228.png
HV High Voltage Series;Enlarge;Capacitors, Fixed;MLCC;Surface Mount Multilayer Ceramic Chip Capacitor for High Voltage Applications;Surface Mount;2000;270 pF;4.7 nF;X7R;image/capacitors/ceramic/ceramic-multilayer-smd/45228.png
HV High Voltage Series;Enlarge;Capacitors, Fixed;MLCC;Surface Mount Multilayer Ceramic Chip Capacitor for High Voltage Applications;Surface Mount;2000;390 pF;10 nF;X7R;image/capacitors/ceramic/ceramic-multilayer-smd/45228.png
HV High Voltage Series;Enlarge;Capacitors, Fixed;MLCC;Surface Mount Multilayer Ceramic Chip Capacitor for High Voltage Applications;Surface Mount;3000;27 pF;220 pF;C0G (NP0);image/capacitors/ceramic/ceramic-multilayer-smd/45228.png
HV High Voltage Series;Enlarge;Capacitors, Fixed;MLCC;Surface Mount Multilayer Ceramic Chip Capacitor for High Voltage Applications;Surface Mount;4000;330 pF;56 nF;X7R;image/capacitors/ceramic/ceramic-multilayer-smd/45228.png
HV High Voltage Series;Enlarge;Capacitors, Fixed;MLCC;Surface Mount Multilayer Ceramic Chip Capacitor for High Voltage Applications;Surface Mount;5000;15 pF;1.8 nF;C0G (NP0);image/capacitors/ceramic/ceramic-multilayer-smd/45228.png
HV High Voltage Series;Enlarge;Capacitors, Fixed;MLCC;Surface Mount Multilayer Ceramic Chip Capacitor for High Voltage Applications;Surface Mount;5000;15 pF;2.2 nF;C0G (NP0);image/capacitors/ceramic/ceramic-multilayer-smd/45228.png
HV High Voltage Series;Enlarge;Capacitors, Fixed;MLCC;Surface Mount Multilayer Ceramic Chip Capacitor for High Voltage Applications;Surface Mount;5000;33 pF;2.2 nF;C0G (NP0);image/capacitors/ceramic/ceramic-multilayer-smd/45228.png
HV High Voltage Series;Enlarge;Capacitors, Fixed;MLCC;Surface Mount Multilayer Ceramic Chip Capacitor for High Voltage Applications;Surface Mount;5000;47 pF;3.3 nF;C0G (NP0);image/capacitors/ceramic/ceramic-multilayer-smd/45228.png
HV High Voltage Series;Enlarge;Capacitors, Fixed;MLCC;Surface Mount Multilayer Ceramic Chip Capacitor for High Voltage Applications;Surface Mount;6000;47 pF;18 nF;X7R;image/capacitors/ceramic/ceramic-multilayer-smd/45228.png
HV High Voltage Series;Enlarge;Capacitors, Fixed;MLCC;Surface Mount Multilayer Ceramic Chip Capacitor for High Voltage Applications;Surface Mount;6000;150 pF;27 nF;X7R;image/capacitors/ceramic/ceramic-multilayer-smd/45228.png
HV High Voltage Series;Enlarge;Capacitors, Fixed;MLCC;Surface Mount Multilayer Ceramic Chip Capacitor for High Voltage Applications;Surface Mount;6000;330 pF;82 nF;X7R;image/capacitors/ceramic/ceramic-multilayer-smd/45228.png
HV High Voltage Series;Enlarge;Capacitors, Fixed;MLCC;Surface Mount Multilayer Ceramic Chip Capacitor for High Voltage Applications;Surface Mount;6000;470 pF;100 nF;X7R;image/capacitors/ceramic/ceramic-multilayer-smd/45228.png
HV High Voltage Series;Enlarge;Capacitors, Fixed;MLCC;Surface Mount Multilayer Ceramic Chip Capacitor for High Voltage Applications;Surface Mount;8000;470 pF;390 nF;X7R;image/capacitors/ceramic/ceramic-multilayer-smd/45228.png
VJ Non-Magnetic Series;Enlarge;Capacitors, Fixed;MLCC;Surface Mount Multilayer Ceramic Chip Capacitors for Non-Magnetic Applications;Surface Mount;6.3;120 nF;150 nF;X5R;image/capacitors/ceramic/ceramic-multilayer-smd/45227.png
VJ Hi-Rel Series;Enlarge;Capacitors, Fixed;MLCC;Surface Mount Multilayer Ceramic Chip Capacitors for High Reliability Applications;Surface Mount;16;27 nF;47 nF;X5R;image/capacitors/ceramic/ceramic-multilayer-smd/45200.png
VJ Non-Magnetic Series;Enlarge;Capacitors, Fixed;MLCC;Surface Mount Multilayer Ceramic Chip Capacitors for Non-Magnetic Applications;Surface Mount;16;27 nF;47 nF;X5R;image/capacitors/ceramic/ceramic-multilayer-smd/45227.png
GA....31G Automotive Extended Bending MLCC;Enlarge;Capacitors, Fixed;MLCC;Surface Mount Multilayer Ceramic Chip Capacitors for Automotive Applications With Extended Bending Capability;Surface Mount;50;10 nF;33 nF;X8R;image/capacitors/ceramic/ceramic-multilayer-smd/45254.png
GA....31G Automotive Extended Bending MLCC;Enlarge;Capacitors, Fixed;MLCC;Surface Mount Multilayer Ceramic Chip Capacitors for Automotive Applications With Extended Bending Capability;Surface Mount;50;10 nF;220 nF;X8R;image/capacitors/ceramic/ceramic-multilayer-smd/45254.png
VJ Commercial Series;Enlarge;Capacitors, Fixed;MLCC;Surface Mount Multilayer Ceramic Chip Capacitors for Commercial Applications;Surface Mount;100;1 pF;220 pF;C0G (NP0);image/capacitors/ceramic/ceramic-multilayer-smd/45199.png
VJ Hi-Rel Series;Enlarge;Capacitors, Fixed;MLCC;Surface Mount Multilayer Ceramic Chip Capacitors for High Reliability Applications;Surface Mount;100;1 pF;180 pF;C0G (NP0);image/capacitors/ceramic/ceramic-multilayer-smd/45200.png
GA....31G Automotive MLCC;Enlarge;Capacitors, Fixed;MLCC;Surface Mount Multilayer Ceramic Chip Capacitors for Automotive Applications;Surface Mount;100;22 pF;220 pF;C0G (NP0);image/capacitors/ceramic/ceramic-multilayer-smd/45230.png
VJ Commercial Series;Enlarge;Capacitors, Fixed;MLCC;Surface Mount Multilayer Ceramic Chip Capacitors for Commercial Applications;Surface Mount;100;120 pF;47 nF;X7R;image/capacitors/ceramic/ceramic-multilayer-smd/45199.png
GA....31G Automotive Extended Bending MLCC;Enlarge;Capacitors, Fixed;MLCC;Surface Mount Multilayer Ceramic Chip Capacitors for Automotive Applications With Extended Bending Capability;Surface Mount;100;10 nF;150 nF;X7R;image/capacitors/ceramic/ceramic-multilayer-smd/45254.png
GA....31G Automotive Extended Bending MLCC;Enlarge;Capacitors, Fixed;MLCC;Surface Mount Multilayer Ceramic Chip Capacitors for Automotive Applications With Extended Bending Capability;Surface Mount;100;10 nF;100 nF;X8R;image/capacitors/ceramic/ceramic-multilayer-smd/45254.png
VJ Hi-Rel Series;Enlarge;Capacitors, Fixed;MLCC;Surface Mount Multilayer Ceramic Chip Capacitors for High Reliability Applications;Surface Mount;200;1 pF;1.5 nF;C0G (NP0);image/capacitors/ceramic/ceramic-multilayer-smd/45200.png
GA....31G Automotive Extended Bending MLCC;Enlarge;Capacitors, Fixed;MLCC;Surface Mount Multilayer Ceramic Chip Capacitors for Automotive Applications With Extended Bending Capability;Surface Mount;200;100 pF;1 nF;C0G (NP0);image/capacitors/ceramic/ceramic-multilayer-smd/45254.png
VJ Commercial Series;Enlarge;Capacitors, Fixed;MLCC;Surface Mount Multilayer Ceramic Chip Capacitors for Commercial Applications;Surface Mount;200;330 pF;150 nF;X7R;image/capacitors/ceramic/ceramic-multilayer-smd/45199.png
VJ Commercial Series;Enlarge;Capacitors, Fixed;MLCC;Surface Mount Multilayer Ceramic Chip Capacitors for Commercial Applications;Surface Mount;250;330 pF;470 nF;X7R;image/capacitors/ceramic/ceramic-multilayer-smd/45199.png
VJ Hi-Rel Series;Enlarge;Capacitors, Fixed;MLCC;Surface Mount Multilayer Ceramic Chip Capacitors for High Reliability Applications;Surface Mount;500;1 pF;3.3 nF;C0G (NP0);image/capacitors/ceramic/ceramic-multilayer-smd/45200.png
GA....31G Automotive Extended Bending MLCC;Enlarge;Capacitors, Fixed;MLCC;Surface Mount Multilayer Ceramic Chip Capacitors for Automotive Applications With Extended Bending Capability;Surface Mount;500;100 pF;3.9 nF;C0G (NP0);image/capacitors/ceramic/ceramic-multilayer-smd/45254.png
VJ Commercial Series;Enlarge;Capacitors, Fixed;MLCC;Surface Mount Multilayer Ceramic Chip Capacitors for Commercial Applications;Surface Mount;500;100 pF;39 nF;C0G (NP0);image/capacitors/ceramic/ceramic-multilayer-smd/45199.png
VJ Commercial Series;Enlarge;Capacitors, Fixed;MLCC;Surface Mount Multilayer Ceramic Chip Capacitors for Commercial Applications;Surface Mount;500;15 nF;2.2 uF;X7R;image/capacitors/ceramic/ceramic-multilayer-smd/45199.png
VJ Commercial Series;Enlarge;Capacitors, Fixed;MLCC;Surface Mount Multilayer Ceramic Chip Capacitors for Commercial Applications;Surface Mount;500;27 nF;6.8 uF;X7R;image/capacitors/ceramic/ceramic-multilayer-smd/45199.png
VJ....32 Lead-Bearing Finish MLCCs;Enlarge;Capacitors, Fixed;MLCC;Surface Mount Multilayer Ceramic Chip Capacitors With Lead-Bearing Finish Termination;Surface Mount;100;1 pF;220 pF;C0G (NP0);image/capacitors/ceramic/ceramic-multilayer-smd/45256.png
VJ....32 Lead-Bearing Finish MLCCs;Enlarge;Capacitors, Fixed;MLCC;Surface Mount Multilayer Ceramic Chip Capacitors With Lead-Bearing Finish Termination;Surface Mount;100;120 pF;33 nF;X7R;image/capacitors/ceramic/ceramic-multilayer-smd/45256.png
VJ....32 Lead-Bearing Finish MLCCs;Enlarge;Capacitors, Fixed;MLCC;Surface Mount Multilayer Ceramic Chip Capacitors With Lead-Bearing Finish Termination;Surface Mount;200;1 pF;820 pF;C0G (NP0);image/capacitors/ceramic/ceramic-multilayer-smd/45256.png
VJ....32 Lead-Bearing Finish MLCCs;Enlarge;Capacitors, Fixed;MLCC;Surface Mount Multilayer Ceramic Chip Capacitors With Lead-Bearing Finish Termination;Surface Mount;200;330 pF;150 nF;X7R;image/capacitors/ceramic/ceramic-multilayer-smd/45256.png
VJ....32 Lead-Bearing Finish MLCCs;Enlarge;Capacitors, Fixed;MLCC;Surface Mount Multilayer Ceramic Chip Capacitors With Lead-Bearing Finish Termination;Surface Mount;200;330 pF;470 nF;X7R;image/capacitors/ceramic/ceramic-multilayer-smd/45256.png
DSCC 05002;Enlarge;Capacitors, Fixed;MLCC;Surface Mount Multilayer Ceramic Chip Capacitors High Frequency DSCC Qualified Type 05002;Surface Mount;250;1 pF;100 pF;BP;image/capacitors/ceramic/ceramic-multilayer-smd/45069.png
VJ Commercial Series;Enlarge;Capacitors, Fixed;MLCC;Surface Mount Multilayer Ceramic Chip Capacitors for Commercial Applications;Surface Mount;250;1 pF;1 nF;C0G (NP0);image/capacitors/ceramic/ceramic-multilayer-smd/45199.png
VJ Commercial Series;Enlarge;Capacitors, Fixed;MLCC;Surface Mount Multilayer Ceramic Chip Capacitors for Commercial Applications;Surface Mount;500;1 pF;4.7 nF;C0G (NP0);image/capacitors/ceramic/ceramic-multilayer-smd/45199.png
VJ Commercial Series;Enlarge;Capacitors, Fixed;MLCC;Surface Mount Multilayer Ceramic Chip Capacitors for Commercial Applications;Surface Mount;630;1 pF;10 nF;C0G (NP0);image/capacitors/ceramic/ceramic-multilayer-smd/45199.png
VJ Commercial Series;Enlarge;Capacitors, Fixed;MLCC;Surface Mount Multilayer Ceramic Chip Capacitors for Commercial Applications;Surface Mount;630;56 pF;12 nF;C0G (NP0);image/capacitors/ceramic/ceramic-multilayer-smd/45199.png
GA....31G Automotive Extended Bending MLCC;Enlarge;Capacitors, Fixed;MLCC;Surface Mount Multilayer Ceramic Chip Capacitors for Automotive Applications With Extended Bending Capability;Surface Mount;630;100 pF;8.2 nF;C0G (NP0);image/capacitors/ceramic/ceramic-multilayer-smd/45254.png
GA....31G Automotive Extended Bending MLCC;Enlarge;Capacitors, Fixed;MLCC;Surface Mount Multilayer Ceramic Chip Capacitors for Automotive Applications With Extended Bending Capability;Surface Mount;630;100 pF;12 nF;C0G (NP0);image/capacitors/ceramic/ceramic-multilayer-smd/45254.png
GA....34G Automotive MLCC;Enlarge;Capacitors, Fixed;MLCC;Surface Mount Multilayer Ceramic Chip Capacitors for Automotive Applications;Surface Mount;50;1 nF;220 nF;X8R;image/capacitors/ceramic/ceramic-multilayer-smd/45073.png
GA....34G Automotive MLCC;Enlarge;Capacitors, Fixed;MLCC;Surface Mount Multilayer Ceramic Chip Capacitors for Automotive Applications;Surface Mount;50;10 nF;220 nF;X8R;image/capacitors/ceramic/ceramic-multilayer-smd/45073.png
GA....34G Automotive MLCC;Enlarge;Capacitors, Fixed;MLCC;Surface Mount Multilayer Ceramic Chip Capacitors for Automotive Applications;Surface Mount;100;22 pF;220 pF;C0G (NP0);image/capacitors/ceramic/ceramic-multilayer-smd/45073.png
GA....34G Automotive MLCC;Enlarge;Capacitors, Fixed;MLCC;Surface Mount Multilayer Ceramic Chip Capacitors for Automotive Applications;Surface Mount;100;120 pF;33 nF;X7R;image/capacitors/ceramic/ceramic-multilayer-smd/45073.png
GA....34G Automotive MLCC;Enlarge;Capacitors, Fixed;MLCC;Surface Mount Multilayer Ceramic Chip Capacitors for Automotive Applications;Surface Mount;100;330 pF;6.8 nF;X8R;image/capacitors/ceramic/ceramic-multilayer-smd/45073.png
GA....34G Automotive MLCC;Enlarge;Capacitors, Fixed;MLCC;Surface Mount Multilayer Ceramic Chip Capacitors for Automotive Applications;Surface Mount;100;470 pF;33 nF;X8R;image/capacitors/ceramic/ceramic-multilayer-smd/45073.png
GA....34G Automotive MLCC;Enlarge;Capacitors, Fixed;MLCC;Surface Mount Multilayer Ceramic Chip Capacitors for Automotive Applications;Surface Mount;100;470 pF;100 nF;X8R;image/capacitors/ceramic/ceramic-multilayer-smd/45073.png
DSCC 05007;Enlarge;Capacitors, Fixed;MLCC;Surface Mount Multilayer Ceramic Chip Capacitors DSCC Qualified Type 05007;Surface Mount;100;820 pF;470 nF;BR;image/capacitors/ceramic/ceramic-multilayer-smd/45049.png
DSCC 05007;Enlarge;Capacitors, Fixed;MLCC;Surface Mount Multilayer Ceramic Chip Capacitors DSCC Qualified Type 05007;Surface Mount;100;820 pF;470 nF;BX;image/capacitors/ceramic/ceramic-multilayer-smd/45049.png
DSCC 05007;Enlarge;Capacitors, Fixed;MLCC;Surface Mount Multilayer Ceramic Chip Capacitors DSCC Qualified Type 05007;Surface Mount;200;1 pF;6.8 nF;BP;image/capacitors/ceramic/ceramic-multilayer-smd/45049.png
GA....31G Automotive MLCC;Enlarge;Capacitors, Fixed;MLCC;Surface Mount Multilayer Ceramic Chip Capacitors for Automotive Applications;Surface Mount;200;56 pF;1 nF;C0G (NP0);image/capacitors/ceramic/ceramic-multilayer-smd/45230.png
GA....31G Automotive Extended Bending MLCC;Enlarge;Capacitors, Fixed;MLCC;Surface Mount Multilayer Ceramic Chip Capacitors for Automotive Applications With Extended Bending Capability;Surface Mount;200;10 nF;470 nF;X7R;image/capacitors/ceramic/ceramic-multilayer-smd/45254.png
GA....31G Automotive Extended Bending MLCC;Enlarge;Capacitors, Fixed;MLCC;Surface Mount Multilayer Ceramic Chip Capacitors for Automotive Applications With Extended Bending Capability;Surface Mount;630;10 nF;180 nF;X7R;image/capacitors/ceramic/ceramic-multilayer-smd/45254.png
GA....34G Automotive MLCC;Enlarge;Capacitors, Fixed;MLCC;Surface Mount Multilayer Ceramic Chip Capacitors for Automotive Applications;Surface Mount;200;56 pF;1 nF;C0G (NP0);image/capacitors/ceramic/ceramic-multilayer-smd/45073.png
GA....34G Automotive MLCC;Enlarge;Capacitors, Fixed;MLCC;Surface Mount Multilayer Ceramic Chip Capacitors for Automotive Applications;Surface Mount;200;330 pF;150 nF;X7R;image/capacitors/ceramic/ceramic-multilayer-smd/45073.png
GA....34G Automotive MLCC;Enlarge;Capacitors, Fixed;MLCC;Surface Mount Multilayer Ceramic Chip Capacitors for Automotive Applications;Surface Mount;250;330 pF;470 nF;X7R;image/capacitors/ceramic/ceramic-multilayer-smd/45073.png
GA....34G Automotive MLCC;Enlarge;Capacitors, Fixed;MLCC;Surface Mount Multilayer Ceramic Chip Capacitors for Automotive Applications;Surface Mount;500;100 pF;3.9 nF;C0G (NP0);image/capacitors/ceramic/ceramic-multilayer-smd/45073.png
GA....34G Automotive MLCC;Enlarge;Capacitors, Fixed;MLCC;Surface Mount Multilayer Ceramic Chip Capacitors for Automotive Applications;Surface Mount;630;100 pF;8.2 nF;C0G (NP0);image/capacitors/ceramic/ceramic-multilayer-smd/45073.png
GA....34G Automotive MLCC;Enlarge;Capacitors, Fixed;MLCC;Surface Mount Multilayer Ceramic Chip Capacitors for Automotive Applications;Surface Mount;630;100 pF;12 nF;C0G (NP0);image/capacitors/ceramic/ceramic-multilayer-smd/45073.png
GA....34G Automotive MLCC;Enlarge;Capacitors, Fixed;MLCC;Surface Mount Multilayer Ceramic Chip Capacitors for Automotive Applications;Surface Mount;630;220 pF;1.0 uF;X7R;image/capacitors/ceramic/ceramic-multilayer-smd/45073.png
VJ Commercial Series;Enlarge;Capacitors, Fixed;MLCC;Surface Mount Multilayer Ceramic Chip Capacitors for Commercial Applications;Surface Mount;630;330 pF;1.0 uF;X7R;image/capacitors/ceramic/ceramic-multilayer-smd/45199.png
GA....34G Automotive MLCC;Enlarge;Capacitors, Fixed;MLCC;Surface Mount Multilayer Ceramic Chip Capacitors for Automotive Applications;Surface Mount;630;390 pF;1.0 uF;X7R;image/capacitors/ceramic/ceramic-multilayer-smd/45073.png
VJ Commercial Series;Enlarge;Capacitors, Fixed;MLCC;Surface Mount Multilayer Ceramic Chip Capacitors for Commercial Applications;Surface Mount;630;390 pF;1.0 uF;X7R;image/capacitors/ceramic/ceramic-multilayer-smd/45199.png
GA....34G Automotive MLCC;Enlarge;Capacitors, Fixed;MLCC;Surface Mount Multilayer Ceramic Chip Capacitors for Automotive Applications;Surface Mount;630;10 nF;1.0 uF;X7R;image/capacitors/ceramic/ceramic-multilayer-smd/45073.png
VJ Commercial Series;Enlarge;Capacitors, Fixed;MLCC;Surface Mount Multilayer Ceramic Chip Capacitors for Commercial Applications;Surface Mount;1000;27 pF;10 nF;C0G (NP0);image/capacitors/ceramic/ceramic-multilayer-smd/45199.png
VJ Commercial Series;Enlarge;Capacitors, Fixed;MLCC;Surface Mount Multilayer Ceramic Chip Capacitors for Commercial Applications;Surface Mount;1000;27 pF;22 nF;C0G (NP0);image/capacitors/ceramic/ceramic-multilayer-smd/45199.png
VJ Commercial Series;Enlarge;Capacitors, Fixed;MLCC;Surface Mount Multilayer Ceramic Chip Capacitors for Commercial Applications;Surface Mount;1000;270 pF;47 nF;C0G (NP0);image/capacitors/ceramic/ceramic-multilayer-smd/45199.png
VJ Commercial Series;Enlarge;Capacitors, Fixed;MLCC;Surface Mount Multilayer Ceramic Chip Capacitors for Commercial Applications;Surface Mount;1000;270 pF;56 nF;C0G (NP0);image/capacitors/ceramic/ceramic-multilayer-smd/45199.png
VJ Commercial Series;Enlarge;Capacitors, Fixed;MLCC;Surface Mount Multilayer Ceramic Chip Capacitors for Commercial Applications;Surface Mount;1000;470 pF;270 nF;X7R;image/capacitors/ceramic/ceramic-multilayer-smd/45199.png
VJ Commercial Series;Enlarge;Capacitors, Fixed;MLCC;Surface Mount Multilayer Ceramic Chip Capacitors for Commercial Applications;Surface Mount;1000;1 nF;1.0 uF;X7R;image/capacitors/ceramic/ceramic-multilayer-smd/45199.png
VJ Commercial Series;Enlarge;Capacitors, Fixed;MLCC;Surface Mount Multilayer Ceramic Chip Capacitors for Commercial Applications;Surface Mount;1000;10 nF;2.7 uF;X7R;image/capacitors/ceramic/ceramic-multilayer-smd/45199.png
VJ Commercial Series;Enlarge;Capacitors, Fixed;MLCC;Surface Mount Multilayer Ceramic Chip Capacitors for Commercial Applications;Surface Mount;1000;33 nF;4.7 uF;X7R;image/capacitors/ceramic/ceramic-multilayer-smd/45199.png
VJ....32 Lead-Bearing Finish MLCCs;Enlarge;Capacitors, Fixed;MLCC;Surface Mount Multilayer Ceramic Chip Capacitors With Lead-Bearing Finish Termination;Surface Mount;500;1 pF;3.9 nF;C0G (NP0);image/capacitors/ceramic/ceramic-multilayer-smd/45256.png
VJ....32 Lead-Bearing Finish MLCCs;Enlarge;Capacitors, Fixed;MLCC;Surface Mount Multilayer Ceramic Chip Capacitors With Lead-Bearing Finish Termination;Surface Mount;630;1 pF;8.2 nF;C0G (NP0);image/capacitors/ceramic/ceramic-multilayer-smd/45256.png
VJ....32 Lead-Bearing Finish MLCCs;Enlarge;Capacitors, Fixed;MLCC;Surface Mount Multilayer Ceramic Chip Capacitors With Lead-Bearing Finish Termination;Surface Mount;630;100 pF;12 nF;C0G (NP0);image/capacitors/ceramic/ceramic-multilayer-smd/45256.png
VJ....32 Lead-Bearing Finish MLCCs;Enlarge;Capacitors, Fixed;MLCC;Surface Mount Multilayer Ceramic Chip Capacitors With Lead-Bearing Finish Termination;Surface Mount;630;220 pF;1.0 uF;X7R;image/capacitors/ceramic/ceramic-multilayer-smd/45256.png
VJ....32 Lead-Bearing Finish MLCCs;Enlarge;Capacitors, Fixed;MLCC;Surface Mount Multilayer Ceramic Chip Capacitors With Lead-Bearing Finish Termination;Surface Mount;630;390 pF;1.0 uF;X7R;image/capacitors/ceramic/ceramic-multilayer-smd/45256.png
VJ....W1BC Basic Commodity Series;Enlarge;Capacitors, Fixed;MLCC;Surface Mount Multilayer Ceramic Chip Capacitors for Commodity Applications;Surface Mount;50;100 pF;1.0 uF;X7R;image/capacitors/ceramic/ceramic-multilayer-smd/28548.png
GA....31G Automotive MLCC;Enlarge;Capacitors, Fixed;MLCC;Surface Mount Multilayer Ceramic Chip Capacitors for Automotive Applications;Surface Mount;50;1 nF;220 nF;X8R;image/capacitors/ceramic/ceramic-multilayer-smd/45230.png
GA....31G Automotive MLCC;Enlarge;Capacitors, Fixed;MLCC;Surface Mount Multilayer Ceramic Chip Capacitors for Automotive Applications;Surface Mount;50;10 nF;220 nF;X8R;image/capacitors/ceramic/ceramic-multilayer-smd/45230.png
VJ....W1BC Basic Commodity Series;Enlarge;Capacitors, Fixed;MLCC;Surface Mount Multilayer Ceramic Chip Capacitors for Commodity Applications;Surface Mount;50;47 nF;10 uF;X5R;image/capacitors/ceramic/ceramic-multilayer-smd/28548.png
VJ....W1BC Basic Commodity Series;Enlarge;Capacitors, Fixed;MLCC;Surface Mount Multilayer Ceramic Chip Capacitors for Commodity Applications;Surface Mount;50;220 nF;22 uF;X5R;image/capacitors/ceramic/ceramic-multilayer-smd/28548.png
VJ....W1BC Basic Commodity Series;Enlarge;Capacitors, Fixed;MLCC;Surface Mount Multilayer Ceramic Chip Capacitors for Commodity Applications;Surface Mount;50;1.5  uF;47 uF;X5R;image/capacitors/ceramic/ceramic-multilayer-smd/28548.png
VJ....W1BC Basic Commodity Series;Enlarge;Capacitors, Fixed;MLCC;Surface Mount Multilayer Ceramic Chip Capacitors for Commodity Applications;Surface Mount;50;1.5  uF;100 uF;X5R;image/capacitors/ceramic/ceramic-multilayer-smd/28548.png
VJ....W1BC Basic Commodity Series;Enlarge;Capacitors, Fixed;MLCC;Surface Mount Multilayer Ceramic Chip Capacitors for Commodity Applications;Surface Mount;50;1.5  uF;220 uF;X5R;image/capacitors/ceramic/ceramic-multilayer-smd/28548.png
VJ....W1BC Basic Commodity Series;Enlarge;Capacitors, Fixed;MLCC;Surface Mount Multilayer Ceramic Chip Capacitors for Commodity Applications;Surface Mount;100;0.5 pF;1 nF;C0G (NP0);image/capacitors/ceramic/ceramic-multilayer-smd/28548.png
VJ....W1BC Basic Commodity Series;Enlarge;Capacitors, Fixed;MLCC;Surface Mount Multilayer Ceramic Chip Capacitors for Commodity Applications;Surface Mount;100;0.5 pF;3.3 nF;C0G (NP0);image/capacitors/ceramic/ceramic-multilayer-smd/28548.png
VJ....W1BC Basic Commodity Series;Enlarge;Capacitors, Fixed;MLCC;Surface Mount Multilayer Ceramic Chip Capacitors for Commodity Applications;Surface Mount;100;0.5 pF;12 nF;C0G (NP0);image/capacitors/ceramic/ceramic-multilayer-smd/28548.png
VJ....W1BC Basic Commodity Series;Enlarge;Capacitors, Fixed;MLCC;Surface Mount Multilayer Ceramic Chip Capacitors for Commodity Applications;Surface Mount;100;1.5 pF;39 nF;C0G (NP0);image/capacitors/ceramic/ceramic-multilayer-smd/28548.png
VJ....W1BC Basic Commodity Series;Enlarge;Capacitors, Fixed;MLCC;Surface Mount Multilayer Ceramic Chip Capacitors for Commodity Applications;Surface Mount;100;100 pF;2.2 uF;X7R;image/capacitors/ceramic/ceramic-multilayer-smd/28548.png
VJ....W1BC Basic Commodity Series;Enlarge;Capacitors, Fixed;MLCC;Surface Mount Multilayer Ceramic Chip Capacitors for Commodity Applications;Surface Mount;100;100 pF;10 uF;X7R;image/capacitors/ceramic/ceramic-multilayer-smd/28548.png
GA....31G Automotive MLCC;Enlarge;Capacitors, Fixed;MLCC;Surface Mount Multilayer Ceramic Chip Capacitors for Automotive Applications;Surface Mount;100;120 pF;33 nF;X7R;image/capacitors/ceramic/ceramic-multilayer-smd/45230.png
VJ....W1BC Basic Commodity Series;Enlarge;Capacitors, Fixed;MLCC;Surface Mount Multilayer Ceramic Chip Capacitors for Commodity Applications;Surface Mount;100;150 pF;22 uF;X7R;image/capacitors/ceramic/ceramic-multilayer-smd/28548.png
GA....31G Automotive MLCC;Enlarge;Capacitors, Fixed;MLCC;Surface Mount Multilayer Ceramic Chip Capacitors for Automotive Applications;Surface Mount;100;330 pF;6.8 nF;X8R;image/capacitors/ceramic/ceramic-multilayer-smd/45230.png
GA....31G Automotive MLCC;Enlarge;Capacitors, Fixed;MLCC;Surface Mount Multilayer Ceramic Chip Capacitors for Automotive Applications;Surface Mount;100;470 pF;33 nF;X8R;image/capacitors/ceramic/ceramic-multilayer-smd/45230.png
GA....31G Automotive MLCC;Enlarge;Capacitors, Fixed;MLCC;Surface Mount Multilayer Ceramic Chip Capacitors for Automotive Applications;Surface Mount;100;470 pF;100 nF;X8R;image/capacitors/ceramic/ceramic-multilayer-smd/45230.png
VJ....W1BC Basic Commodity Series;Enlarge;Capacitors, Fixed;MLCC;Surface Mount Multilayer Ceramic Chip Capacitors for Commodity Applications;Surface Mount;100;1 nF;47 uF;X7R;image/capacitors/ceramic/ceramic-multilayer-smd/28548.png
GA....31M, GA....34G Automotive HIFREQ Series;Enlarge;Capacitors, Fixed;MLCC;Surface Mount Multilayer Ceramic Chip Capacitors for Automotive High Frequency Applications;Surface Mount;200;0.1 pF;82 pF;D = HIFREQ;image/capacitors/ceramic/ceramic-multilayer-smd/45248.png
GA....31G Automotive MLCC;Enlarge;Capacitors, Fixed;MLCC;Surface Mount Multilayer Ceramic Chip Capacitors for Automotive Applications;Surface Mount;200;330 pF;150 nF;X7R;image/capacitors/ceramic/ceramic-multilayer-smd/45230.png
GA....31G Automotive MLCC;Enlarge;Capacitors, Fixed;MLCC;Surface Mount Multilayer Ceramic Chip Capacitors for Automotive Applications;Surface Mount;200;330 pF;470 nF;X7R;image/capacitors/ceramic/ceramic-multilayer-smd/45230.png
GA....31M, GA....34G Automotive HIFREQ Series;Enlarge;Capacitors, Fixed;MLCC;Surface Mount Multilayer Ceramic Chip Capacitors for Automotive High Frequency Applications;Surface Mount;250;0.1 pF;470 pF;D = HIFREQ;image/capacitors/ceramic/ceramic-multilayer-smd/45248.png
GA....31M, GA....34G Automotive HIFREQ Series;Enlarge;Capacitors, Fixed;MLCC;Surface Mount Multilayer Ceramic Chip Capacitors for Automotive High Frequency Applications;Surface Mount;250;0.1 pF;1 nF;D = HIFREQ;image/capacitors/ceramic/ceramic-multilayer-smd/45248.png
GA....31M, GA....34G Automotive HIFREQ Series;Enlarge;Capacitors, Fixed;MLCC;Surface Mount Multilayer Ceramic Chip Capacitors for Automotive High Frequency Applications;Surface Mount;500;0.1 pF;1 nF;D = HIFREQ;image/capacitors/ceramic/ceramic-multilayer-smd/45248.png
GA....31G Automotive MLCC;Enlarge;Capacitors, Fixed;MLCC;Surface Mount Multilayer Ceramic Chip Capacitors for Automotive Applications;Surface Mount;500;100 pF;3.9 nF;C0G (NP0);image/capacitors/ceramic/ceramic-multilayer-smd/45230.png
GA....31M, GA....34G Automotive HIFREQ Series;Enlarge;Capacitors, Fixed;MLCC;Surface Mount Multilayer Ceramic Chip Capacitors for Automotive High Frequency Applications;Surface Mount;630;1 pF;82 pF;D = HIFREQ;image/capacitors/ceramic/ceramic-multilayer-smd/45248.png
GA....31G Automotive MLCC;Enlarge;Capacitors, Fixed;MLCC;Surface Mount Multilayer Ceramic Chip Capacitors for Automotive Applications;Surface Mount;630;100 pF;8.2 nF;C0G (NP0);image/capacitors/ceramic/ceramic-multilayer-smd/45230.png
GA....31G Automotive MLCC;Enlarge;Capacitors, Fixed;MLCC;Surface Mount Multilayer Ceramic Chip Capacitors for Automotive Applications;Surface Mount;630;100 pF;12 nF;C0G (NP0);image/capacitors/ceramic/ceramic-multilayer-smd/45230.png
GA....31G Automotive MLCC;Enlarge;Capacitors, Fixed;MLCC;Surface Mount Multilayer Ceramic Chip Capacitors for Automotive Applications;Surface Mount;630;220 pF;1.0 uF;X7R;image/capacitors/ceramic/ceramic-multilayer-smd/45230.png
GA....31G Automotive MLCC;Enlarge;Capacitors, Fixed;MLCC;Surface Mount Multilayer Ceramic Chip Capacitors for Automotive Applications;Surface Mount;630;390 pF;1.0 uF;X7R;image/capacitors/ceramic/ceramic-multilayer-smd/45230.png
GA....31G Automotive MLCC;Enlarge;Capacitors, Fixed;MLCC;Surface Mount Multilayer Ceramic Chip Capacitors for Automotive Applications;Surface Mount;630;10 nF;1.0 uF;X7R;image/capacitors/ceramic/ceramic-multilayer-smd/45230.png
GA....31M, GA....34G Automotive HIFREQ Series;Enlarge;Capacitors, Fixed;MLCC;Surface Mount Multilayer Ceramic Chip Capacitors for Automotive High Frequency Applications;Surface Mount;1500;0.2 pF;3.3 nF;D = HIFREQ;image/capacitors/ceramic/ceramic-multilayer-smd/45248.png
GA....31G Automotive MLCC;Enlarge;Capacitors, Fixed;MLCC;Surface Mount Multilayer Ceramic Chip Capacitors for Automotive Applications;Surface Mount;3000;39 pF;22 nF;C0G (NP0);image/capacitors/ceramic/ceramic-multilayer-smd/45230.png
GA....34G Automotive MLCC;Enlarge;Capacitors, Fixed;MLCC;Surface Mount Multilayer Ceramic Chip Capacitors for Automotive Applications;Surface Mount;3000;33 pF;22 nF;C0G (NP0);image/capacitors/ceramic/ceramic-multilayer-smd/45073.png
MIL-PRF-123;Enlarge;Capacitors, Fixed;MLCC;Surface Mount Multilayer Ceramic Chip Capacitors MIL Qualified, Type MIL-123;Surface Mount;50;1.1 nF;10 nF;BP;image/capacitors/ceramic/ceramic-multilayer-smd/45229.png
MIL-PRF-123;Enlarge;Capacitors, Fixed;MLCC;Surface Mount Multilayer Ceramic Chip Capacitors MIL Qualified, Type MIL-123;Surface Mount;50;120 nF;470 nF;BX;image/capacitors/ceramic/ceramic-multilayer-smd/45229.png
MIL-PRF-123;Enlarge;Capacitors, Fixed;MLCC;Surface Mount Multilayer Ceramic Chip Capacitors MIL Qualified, Type MIL-123;Surface Mount;100;27 nF;56 nF;BX;image/capacitors/ceramic/ceramic-multilayer-smd/45229.png
MIL-PRF-123;Enlarge;Capacitors, Fixed;MLCC;Surface Mount Multilayer Ceramic Chip Capacitors MIL Qualified, Type MIL-123;Surface Mount;100;56 nF;470 nF;BX;image/capacitors/ceramic/ceramic-multilayer-smd/45229.png
VJ BX Series;Enlarge;Capacitors, Fixed;MLCC;Surface Mount Multilayer Ceramic Capacitors;Surface Mount;50;510 pF;10 nF;X = BX;image/capacitors/ceramic/ceramic-multilayer-smd/45253.png
VJ X8R;Enlarge;Capacitors, Fixed;MLCC;Surface Mount Multilayer Ceramic Chip Capacitors for High Temperature Applications Up to 150 °C;Surface Mount;50;1 nF;220 nF;X8R;image/capacitors/ceramic/ceramic-multilayer-smd/45006.png
VJ BX Series;Enlarge;Capacitors, Fixed;MLCC;Surface Mount Multilayer Ceramic Capacitors;Surface Mount;50;5 nF;100 nF;X = BX;image/capacitors/ceramic/ceramic-multilayer-smd/45253.png
VJ X8R;Enlarge;Capacitors, Fixed;MLCC;Surface Mount Multilayer Ceramic Chip Capacitors for High Temperature Applications Up to 150 °C;Surface Mount;50;10 nF;220 nF;X8R;image/capacitors/ceramic/ceramic-multilayer-smd/45006.png
VJ....W1BC Ultra High Q/Low ESR;Enlarge;Capacitors, Fixed;MLCC;Surface Mount Multilayer Ceramic Chip Capacitors for Ultra High Q Commodity Applications;Surface Mount;50;0.1 pF;33 pF;Ultra High Q;image/capacitors/ceramic/ceramic-multilayer-smd/28547.png
VJ....W1BC Ultra High Q/Low ESR;Enlarge;Capacitors, Fixed;MLCC;Surface Mount Multilayer Ceramic Chip Capacitors for Ultra High Q Commodity Applications;Surface Mount;100;0.1 pF;22 pF;Ultra High Q;image/capacitors/ceramic/ceramic-multilayer-smd/28547.png
DSCC 03028;Enlarge;Capacitors, Fixed;MLCC;Surface Mount Multilayer Ceramic Chip Capacitors DSCC Qualified Type 03028;Surface Mount;100;1 pF;1 nF;BP;image/capacitors/ceramic/ceramic-multilayer-smd/45043.png
DSCC 03028;Enlarge;Capacitors, Fixed;MLCC;Surface Mount Multilayer Ceramic Chip Capacitors DSCC Qualified Type 03028;Surface Mount;100;100 pF;100 nF;BR;image/capacitors/ceramic/ceramic-multilayer-smd/45043.png
DSCC 03028;Enlarge;Capacitors, Fixed;MLCC;Surface Mount Multilayer Ceramic Chip Capacitors DSCC Qualified Type 03028;Surface Mount;100;100 pF;100 nF;BX;image/capacitors/ceramic/ceramic-multilayer-smd/45043.png
DSCC 03029;Enlarge;Capacitors, Fixed;MLCC;Surface Mount Multilayer Ceramic Chip Capacitors DSCC Qualified Type 03029;Surface Mount;50;100 pF;10 nF;BR;image/capacitors/ceramic/ceramic-multilayer-smd/45042.png
DSCC 03029;Enlarge;Capacitors, Fixed;MLCC;Surface Mount Multilayer Ceramic Chip Capacitors DSCC Qualified Type 03029;Surface Mount;50;100 pF;8.2 nF;BX;image/capacitors/ceramic/ceramic-multilayer-smd/45042.png
DSCC 03029;Enlarge;Capacitors, Fixed;MLCC;Surface Mount Multilayer Ceramic Chip Capacitors DSCC Qualified Type 03029;Surface Mount;100;1 pF;180 pF;BP;image/capacitors/ceramic/ceramic-multilayer-smd/45042.png
DSCC 05003;Enlarge;Capacitors, Fixed;MLCC;Surface Mount Multilayer Ceramic Chip Capacitors High Frequency DSCC Qualified Type 05002;Surface Mount;100;1 pF;27 pF;BP;image/capacitors/ceramic/ceramic-multilayer-smd/45070.png
MIL-PRF-123;Enlarge;Capacitors, Fixed;MLCC;Surface Mount Multilayer Ceramic Chip Capacitors MIL Qualified, Type MIL-123;Surface Mount;100;1 pF;680 pF;BP;image/capacitors/ceramic/ceramic-multilayer-smd/45229.png
MIL-PRF-123;Enlarge;Capacitors, Fixed;MLCC;Surface Mount Multilayer Ceramic Chip Capacitors MIL Qualified, Type MIL-123;Surface Mount;100;1 pF;2.2 nF;BP;image/capacitors/ceramic/ceramic-multilayer-smd/45229.png
VJ Non-Magnetic Series;Enlarge;Capacitors, Fixed;MLCC;Surface Mount Multilayer Ceramic Chip Capacitors for Non-Magnetic Applications;Surface Mount;100;1 pF;180 pF;C0G (NP0);image/capacitors/ceramic/ceramic-multilayer-smd/45227.png
MIL-PRF-123;Enlarge;Capacitors, Fixed;MLCC;Surface Mount Multilayer Ceramic Chip Capacitors MIL Qualified, Type MIL-123;Surface Mount;100;330 pF;18 nF;BX;image/capacitors/ceramic/ceramic-multilayer-smd/45229.png
MIL-PRF-123;Enlarge;Capacitors, Fixed;MLCC;Surface Mount Multilayer Ceramic Chip Capacitors MIL Qualified, Type MIL-123;Surface Mount;100;3.6 nF;22 nF;BP;image/capacitors/ceramic/ceramic-multilayer-smd/45229.png
VJ X8R;Enlarge;Capacitors, Fixed;MLCC;Surface Mount Multilayer Ceramic Chip Capacitors for High Temperature Applications Up to 150 °C;Surface Mount;100;470 pF;100 nF;X8R;image/capacitors/ceramic/ceramic-multilayer-smd/45006.png
DSCC 05001;Enlarge;Capacitors, Fixed;MLCC;Surface Mount Multilayer Ceramic Chip Capacitors High Frequency DSCC Qualified Type 05001;Surface Mount;250;1 pF;100 pF;BP;image/capacitors/ceramic/ceramic-multilayer-smd/45068.png
DSCC 05006;Enlarge;Capacitors, Fixed;MLCC;Surface Mount Multilayer Ceramic Chip Capacitors DSCC Qualified Type 05006;Surface Mount;100;100 pF;220 nF;BR;image/capacitors/ceramic/ceramic-multilayer-smd/45048.png
DSCC 05006;Enlarge;Capacitors, Fixed;MLCC;Surface Mount Multilayer Ceramic Chip Capacitors DSCC Qualified Type 05006;Surface Mount;100;100 pF;180 nF;BX;image/capacitors/ceramic/ceramic-multilayer-smd/45048.png
VJ Hi-Rel Series;Enlarge;Capacitors, Fixed;MLCC;Surface Mount Multilayer Ceramic Chip Capacitors for High Reliability Applications;Surface Mount;100;100 pF;22 nF;X7R;image/capacitors/ceramic/ceramic-multilayer-smd/45200.png
VJ Non-Magnetic Series;Enlarge;Capacitors, Fixed;MLCC;Surface Mount Multilayer Ceramic Chip Capacitors for Non-Magnetic Applications;Surface Mount;100;100 pF;22 nF;X7R;image/capacitors/ceramic/ceramic-multilayer-smd/45227.png
VJ Hi-Rel Series;Enlarge;Capacitors, Fixed;MLCC;Surface Mount Multilayer Ceramic Chip Capacitors for High Reliability Applications;Surface Mount;100;270 pF;100 nF;X7R;image/capacitors/ceramic/ceramic-multilayer-smd/45200.png
VJ Non-Magnetic Series;Enlarge;Capacitors, Fixed;MLCC;Surface Mount Multilayer Ceramic Chip Capacitors for Non-Magnetic Applications;Surface Mount;100;270 pF;100 nF;X7R;image/capacitors/ceramic/ceramic-multilayer-smd/45227.png
MIL-PRF-123;Enlarge;Capacitors, Fixed;MLCC;Surface Mount Multilayer Ceramic Chip Capacitors MIL Qualified, Type MIL-123;Surface Mount;100;300 pF;3.3 nF;BP;image/capacitors/ceramic/ceramic-multilayer-smd/45229.png
MIL-PRF-123;Enlarge;Capacitors, Fixed;MLCC;Surface Mount Multilayer Ceramic Chip Capacitors MIL Qualified, Type MIL-123;Surface Mount;100;300 pF;1 nF;BP;image/capacitors/ceramic/ceramic-multilayer-smd/45229.png
MIL-PRF-123;Enlarge;Capacitors, Fixed;MLCC;Surface Mount Multilayer Ceramic Chip Capacitors MIL Qualified, Type MIL-123;Surface Mount;100;1.2 nF;10 nF;BP;image/capacitors/ceramic/ceramic-multilayer-smd/45229.png
MIL-PRF-123;Enlarge;Capacitors, Fixed;MLCC;Surface Mount Multilayer Ceramic Chip Capacitors MIL Qualified, Type MIL-123;Surface Mount;100;4.7 nF;39 nF;BX;image/capacitors/ceramic/ceramic-multilayer-smd/45229.png
MIL-PRF-123;Enlarge;Capacitors, Fixed;MLCC;Surface Mount Multilayer Ceramic Chip Capacitors MIL Qualified, Type MIL-123;Surface Mount;100;5.6 nF;100 nF;BX;image/capacitors/ceramic/ceramic-multilayer-smd/45229.png
VJ X8R;Enlarge;Capacitors, Fixed;MLCC;Surface Mount Multilayer Ceramic Chip Capacitors for High Temperature Applications Up to 150 °C;Surface Mount;100;330 pF;6.8 nF;X8R;image/capacitors/ceramic/ceramic-multilayer-smd/45006.png
VJ X8R;Enlarge;Capacitors, Fixed;MLCC;Surface Mount Multilayer Ceramic Chip Capacitors for High Temperature Applications Up to 150 °C;Surface Mount;100;470 pF;33 nF;X8R;image/capacitors/ceramic/ceramic-multilayer-smd/45006.png
GA....EDG Automotive ESD MLCC;Enlarge;Capacitors, Fixed;MLCC;Surface Mount Multilayer Ceramic Chip Capacitors for Electro Static Discharge (ESD) Sensitive Automotive Applications;Surface Mount;100;1 nF;100 nF;X7R;image/capacitors/ceramic/ceramic-multilayer-smd/45246.png
DSCC 05006;Enlarge;Capacitors, Fixed;MLCC;Surface Mount Multilayer Ceramic Chip Capacitors DSCC Qualified Type 05006;Surface Mount;200;1 pF;3.3 nF;BP;image/capacitors/ceramic/ceramic-multilayer-smd/45048.png
VJ Non-Magnetic Series;Enlarge;Capacitors, Fixed;MLCC;Surface Mount Multilayer Ceramic Chip Capacitors for Non-Magnetic Applications;Surface Mount;200;1 pF;1.5 nF;C0G (NP0);image/capacitors/ceramic/ceramic-multilayer-smd/45227.png
VJ Hi-Rel Series;Enlarge;Capacitors, Fixed;MLCC;Surface Mount Multilayer Ceramic Chip Capacitors for High Reliability Applications;Surface Mount;200;150 pF;390 nF;X7R;image/capacitors/ceramic/ceramic-multilayer-smd/45200.png
VJ Non-Magnetic Series;Enlarge;Capacitors, Fixed;MLCC;Surface Mount Multilayer Ceramic Chip Capacitors for Non-Magnetic Applications;Surface Mount;200;390 pF;390 nF;X7R;image/capacitors/ceramic/ceramic-multilayer-smd/45227.png
GA....EDG Automotive ESD MLCC;Enlarge;Capacitors, Fixed;MLCC;Surface Mount Multilayer Ceramic Chip Capacitors for Electro Static Discharge (ESD) Sensitive Automotive Applications;Surface Mount;200;1 nF;150 nF;X7R;image/capacitors/ceramic/ceramic-multilayer-smd/45246.png
GA....EDG Automotive ESD MLCC;Enlarge;Capacitors, Fixed;MLCC;Surface Mount Multilayer Ceramic Chip Capacitors for Electro Static Discharge (ESD) Sensitive Automotive Applications;Surface Mount;200;10 nF;1.0 uF;X7R;image/capacitors/ceramic/ceramic-multilayer-smd/45246.png
VJ Non-Magnetic Series;Enlarge;Capacitors, Fixed;MLCC;Surface Mount Multilayer Ceramic Chip Capacitors for Non-Magnetic Applications;Surface Mount;500;1 pF;3.3 nF;C0G (NP0);image/capacitors/ceramic/ceramic-multilayer-smd/45227.png
VJ Non-Magnetic Series;Enlarge;Capacitors, Fixed;MLCC;Surface Mount Multilayer Ceramic Chip Capacitors for Non-Magnetic Applications;Surface Mount;500;1 pF;12 nF;C0G (NP0);image/capacitors/ceramic/ceramic-multilayer-smd/45227.png
VJ Hi-Rel Series;Enlarge;Capacitors, Fixed;MLCC;Surface Mount Multilayer Ceramic Chip Capacitors for High Reliability Applications;Surface Mount;500;39 pF;22 nF;C0G (NP0);image/capacitors/ceramic/ceramic-multilayer-smd/45200.png
VJ Hi-Rel Series;Enlarge;Capacitors, Fixed;MLCC;Surface Mount Multilayer Ceramic Chip Capacitors for High Reliability Applications;Surface Mount;500;100 pF;10 nF;C0G (NP0);image/capacitors/ceramic/ceramic-multilayer-smd/45200.png
VJ Hi-Rel Series;Enlarge;Capacitors, Fixed;MLCC;Surface Mount Multilayer Ceramic Chip Capacitors for High Reliability Applications;Surface Mount;500;100 pF;33 nF;C0G (NP0);image/capacitors/ceramic/ceramic-multilayer-smd/45200.png
VJ Hi-Rel Series;Enlarge;Capacitors, Fixed;MLCC;Surface Mount Multilayer Ceramic Chip Capacitors for High Reliability Applications;Surface Mount;500;120 pF;39 nF;C0G (NP0);image/capacitors/ceramic/ceramic-multilayer-smd/45200.png
VJ Hi-Rel Series;Enlarge;Capacitors, Fixed;MLCC;Surface Mount Multilayer Ceramic Chip Capacitors for High Reliability Applications;Surface Mount;500;680 pF;1.0 uF;X7R;image/capacitors/ceramic/ceramic-multilayer-smd/45200.png
VJ Non-Magnetic Series;Enlarge;Capacitors, Fixed;MLCC;Surface Mount Multilayer Ceramic Chip Capacitors for Non-Magnetic Applications;Surface Mount;500;680 pF;1.0 uF;X7R;image/capacitors/ceramic/ceramic-multilayer-smd/45227.png
VJ Hi-Rel Series;Enlarge;Capacitors, Fixed;MLCC;Surface Mount Multilayer Ceramic Chip Capacitors for High Reliability Applications;Surface Mount;500;1 nF;1.0 uF;X7R;image/capacitors/ceramic/ceramic-multilayer-smd/45200.png
VJ Hi-Rel Series;Enlarge;Capacitors, Fixed;MLCC;Surface Mount Multilayer Ceramic Chip Capacitors for High Reliability Applications;Surface Mount;500;1 nF;270 nF;X7R;image/capacitors/ceramic/ceramic-multilayer-smd/45200.png
VJ Non-Magnetic Series;Enlarge;Capacitors, Fixed;MLCC;Surface Mount Multilayer Ceramic Chip Capacitors for Non-Magnetic Applications;Surface Mount;500;1 nF;1.0 uF;X7R;image/capacitors/ceramic/ceramic-multilayer-smd/45227.png
VJ Hi-Rel Series;Enlarge;Capacitors, Fixed;MLCC;Surface Mount Multilayer Ceramic Chip Capacitors for High Reliability Applications;Surface Mount;500;3.3 nF;1.0 uF;X7R;image/capacitors/ceramic/ceramic-multilayer-smd/45200.png
VJ Hi-Rel Series;Enlarge;Capacitors, Fixed;MLCC;Surface Mount Multilayer Ceramic Chip Capacitors for High Reliability Applications;Surface Mount;500;10 nF;2.7 uF;X7R;image/capacitors/ceramic/ceramic-multilayer-smd/45200.png
VJ Hi-Rel Series;Enlarge;Capacitors, Fixed;MLCC;Surface Mount Multilayer Ceramic Chip Capacitors for High Reliability Applications;Surface Mount;500;10 nF;2.2 uF;X7R;image/capacitors/ceramic/ceramic-multilayer-smd/45200.png
VJ Hi-Rel Series;Enlarge;Capacitors, Fixed;MLCC;Surface Mount Multilayer Ceramic Chip Capacitors for High Reliability Applications;Surface Mount;500;10 nF;4.7 uF;X7R;image/capacitors/ceramic/ceramic-multilayer-smd/45200.png
VJ Hi-Rel Series;Enlarge;Capacitors, Fixed;MLCC;Surface Mount Multilayer Ceramic Chip Capacitors for High Reliability Applications;Surface Mount;500;15 nF;6.8 uF;X7R;image/capacitors/ceramic/ceramic-multilayer-smd/45200.png
VJ Open Mode Design Series;Enlarge;Capacitors, Fixed;MLCC;Surface Mount Multilayer Ceramic Chip Capacitor for Flex Sensitive Applications;Surface Mount;630;470 pF;220 nF;X7R;image/capacitors/ceramic/ceramic-multilayer-smd/45198.png
VJ Open Mode Design Series;Enlarge;Capacitors, Fixed;MLCC;Surface Mount Multilayer Ceramic Chip Capacitor for Flex Sensitive Applications;Surface Mount;1000;15 pF;33 nF;C0G (NP0);image/capacitors/ceramic/ceramic-multilayer-smd/45198.png
VJ HVArc Guard® Series;Enlarge;Capacitors, Fixed;MLCC;Surface Mount Multilayer Ceramic Chip Capacitor to Prohibit Arc-Over in High-Voltage Applications;Surface Mount;1000;220 pF;47 nF;X7R;image/capacitors/ceramic/ceramic-multilayer-smd/45197.png
VJ HVArc Guard® Series;Enlarge;Capacitors, Fixed;MLCC;Surface Mount Multilayer Ceramic Chip Capacitor to Prohibit Arc-Over in High-Voltage Applications;Surface Mount;1000;220 pF;82 nF;X7R;image/capacitors/ceramic/ceramic-multilayer-smd/45197.png
VJ HVArc Guard® Series;Enlarge;Capacitors, Fixed;MLCC;Surface Mount Multilayer Ceramic Chip Capacitor to Prohibit Arc-Over in High-Voltage Applications;Surface Mount;1000;220 pF;100 nF;X7R;image/capacitors/ceramic/ceramic-multilayer-smd/45197.png
VJ HVArc Guard® Series;Enlarge;Capacitors, Fixed;MLCC;Surface Mount Multilayer Ceramic Chip Capacitor to Prohibit Arc-Over in High-Voltage Applications;Surface Mount;1000;220 pF;270 nF;X7R;image/capacitors/ceramic/ceramic-multilayer-smd/45197.png
VJ Open Mode Design Series;Enlarge;Capacitors, Fixed;MLCC;Surface Mount Multilayer Ceramic Chip Capacitor for Flex Sensitive Applications;Surface Mount;1000;270 pF;39 nF;C0G (NP0);image/capacitors/ceramic/ceramic-multilayer-smd/45198.png
VJ Open Mode Design Series;Enlarge;Capacitors, Fixed;MLCC;Surface Mount Multilayer Ceramic Chip Capacitor for Flex Sensitive Applications;Surface Mount;1000;270 pF;47 nF;C0G (NP0);image/capacitors/ceramic/ceramic-multilayer-smd/45198.png
VJ HVArc Guard® Series;Enlarge;Capacitors, Fixed;MLCC;Surface Mount Multilayer Ceramic Chip Capacitor to Prohibit Arc-Over in High-Voltage Applications;Surface Mount;1000;470 pF;3.3 nF;X7R;image/capacitors/ceramic/ceramic-multilayer-smd/45197.png
VJ HIFREQ Series;Enlarge;Capacitors, Fixed;MLCC;Surface Mount Multilayer Ceramic Chip Capacitors for High Frequency Applications;Surface Mount;1500;0.2 pF;3.3 nF;D = HIFREQ;image/capacitors/ceramic/ceramic-multilayer-smd/45258.png
VJ HVArc Guard® Series;Enlarge;Capacitors, Fixed;MLCC;Surface Mount Multilayer Ceramic Chip Capacitor to Prohibit Arc-Over in High-Voltage Applications;Surface Mount;1500;10 pF;390 pF;C0G (NP0);image/capacitors/ceramic/ceramic-multilayer-smd/45197.png
VJ HVArc Guard® Series;Enlarge;Capacitors, Fixed;MLCC;Surface Mount Multilayer Ceramic Chip Capacitor to Prohibit Arc-Over in High-Voltage Applications;Surface Mount;1500;10 pF;1.5 nF;C0G (NP0);image/capacitors/ceramic/ceramic-multilayer-smd/45197.png
VJ HVArc Guard® Series;Enlarge;Capacitors, Fixed;MLCC;Surface Mount Multilayer Ceramic Chip Capacitor to Prohibit Arc-Over in High-Voltage Applications;Surface Mount;1500;10 pF;2.7 nF;C0G (NP0);image/capacitors/ceramic/ceramic-multilayer-smd/45197.png
VJ Open Mode Design Series;Enlarge;Capacitors, Fixed;MLCC;Surface Mount Multilayer Ceramic Chip Capacitor for Flex Sensitive Applications;Surface Mount;1500;10 pF;4.7 nF;C0G (NP0);image/capacitors/ceramic/ceramic-multilayer-smd/45198.png
VJ HVArc Guard® Series;Enlarge;Capacitors, Fixed;MLCC;Surface Mount Multilayer Ceramic Chip Capacitor to Prohibit Arc-Over in High-Voltage Applications;Surface Mount;1500;470 pF;5.6 nF;C0G (NP0);image/capacitors/ceramic/ceramic-multilayer-smd/45197.png
VJ Source Energy Series;Enlarge;Capacitors, Fixed;MLCC;Surface Mount Multilayer Ceramic Capacitors for Pulse Current Applications;Surface Mount;1500;4.7 nF;27 nF;X7R (X5P);image/capacitors/ceramic/ceramic-multilayer-smd/45210.png
VJ Source Energy Series;Enlarge;Capacitors, Fixed;MLCC;Surface Mount Multilayer Ceramic Capacitors for Pulse Current Applications;Surface Mount;1500;10 nF;56 nF;X7R (X5P);image/capacitors/ceramic/ceramic-multilayer-smd/45210.png
VJ Source Energy Series;Enlarge;Capacitors, Fixed;MLCC;Surface Mount Multilayer Ceramic Capacitors for Pulse Current Applications;Surface Mount;1500;18 nF;100 nF;X7R (X5P);image/capacitors/ceramic/ceramic-multilayer-smd/45210.png
VJ Source Energy Series;Enlarge;Capacitors, Fixed;MLCC;Surface Mount Multilayer Ceramic Capacitors for Pulse Current Applications;Surface Mount;1500;33 nF;220 nF;X7R (X5P);image/capacitors/ceramic/ceramic-multilayer-smd/45210.png
VJ Source Energy Series;Enlarge;Capacitors, Fixed;MLCC;Surface Mount Multilayer Ceramic Capacitors for Pulse Current Applications;Surface Mount;1500;47 nF;330 nF;X7R (X5P);image/capacitors/ceramic/ceramic-multilayer-smd/45210.png
VJ Source Energy Series;Enlarge;Capacitors, Fixed;MLCC;Surface Mount Multilayer Ceramic Capacitors for Pulse Current Applications;Surface Mount;1500;100 nF;560 nF;X7R (X5P);image/capacitors/ceramic/ceramic-multilayer-smd/45210.png
VJ Open Mode Design Series;Enlarge;Capacitors, Fixed;MLCC;Surface Mount Multilayer Ceramic Chip Capacitor for Flex Sensitive Applications;Surface Mount;2000;10 pF;8.2 nF;C0G (NP0);image/capacitors/ceramic/ceramic-multilayer-smd/45198.png
VJ Open Mode Design Series;Enlarge;Capacitors, Fixed;MLCC;Surface Mount Multilayer Ceramic Chip Capacitor for Flex Sensitive Applications;Surface Mount;2000;270 pF;680 nF;X7R;image/capacitors/ceramic/ceramic-multilayer-smd/45198.png
VJ Open Mode Design Series;Enlarge;Capacitors, Fixed;MLCC;Surface Mount Multilayer Ceramic Chip Capacitor for Flex Sensitive Applications;Surface Mount;2000;390 pF;1.0 uF;X7R;image/capacitors/ceramic/ceramic-multilayer-smd/45198.png
VJ Open Mode Design Series;Enlarge;Capacitors, Fixed;MLCC;Surface Mount Multilayer Ceramic Chip Capacitor for Flex Sensitive Applications;Surface Mount;2000;5.6 nF;1.5 uF;X7R;image/capacitors/ceramic/ceramic-multilayer-smd/45198.png
VJ Open Mode Design Series;Enlarge;Capacitors, Fixed;MLCC;Surface Mount Multilayer Ceramic Chip Capacitor for Flex Sensitive Applications;Surface Mount;2000;5.6 nF;1.8 uF;X7R;image/capacitors/ceramic/ceramic-multilayer-smd/45198.png
VJ HVArc Guard® Series;Enlarge;Capacitors, Fixed;MLCC;Surface Mount Multilayer Ceramic Chip Capacitor to Prohibit Arc-Over in High-Voltage Applications;Surface Mount;2500;470 pF;8.2 nF;C0G (NP0);image/capacitors/ceramic/ceramic-multilayer-smd/45197.png
VJ Open Mode Design Series;Enlarge;Capacitors, Fixed;MLCC;Surface Mount Multilayer Ceramic Chip Capacitor for Flex Sensitive Applications;Surface Mount;3000;27 pF;8.2 nF;C0G (NP0);image/capacitors/ceramic/ceramic-multilayer-smd/45198.png
VJ Open Mode Design Series;Enlarge;Capacitors, Fixed;MLCC;Surface Mount Multilayer Ceramic Chip Capacitor for Flex Sensitive Applications;Surface Mount;3000;27 pF;18 nF;C0G (NP0);image/capacitors/ceramic/ceramic-multilayer-smd/45198.png
VJ Open Mode Design Series;Enlarge;Capacitors, Fixed;MLCC;Surface Mount Multilayer Ceramic Chip Capacitor for Flex Sensitive Applications;Surface Mount;3000;100 pF;1.2 uF;X7R;image/capacitors/ceramic/ceramic-multilayer-smd/45198.png
VJ Open Mode Design Series;Enlarge;Capacitors, Fixed;MLCC;Surface Mount Multilayer Ceramic Chip Capacitor for Flex Sensitive Applications;Surface Mount;3000;220 pF;18 nF;X7R;image/capacitors/ceramic/ceramic-multilayer-smd/45198.png
VJ Open Mode Design Series;Enlarge;Capacitors, Fixed;MLCC;Surface Mount Multilayer Ceramic Chip Capacitor for Flex Sensitive Applications;Surface Mount;3000;1 nF;1.8 uF;X7R;image/capacitors/ceramic/ceramic-multilayer-smd/45198.png
VJ HIFREQ Series;Enlarge;Capacitors, Fixed;MLCC;Surface Mount Multilayer Ceramic Chip Capacitors for High Frequency Applications;Surface Mount;3600;1 pF;3 nF;D = HIFREQ;image/capacitors/ceramic/ceramic-multilayer-smd/45258.png
VJ HIFREQ Series;Enlarge;Capacitors, Fixed;MLCC;Surface Mount Multilayer Ceramic Chip Capacitors for High Frequency Applications;Surface Mount;7200;1 pF;12 nF;D = HIFREQ;image/capacitors/ceramic/ceramic-multilayer-smd/45258.png
VJ Non-Magnetic Series;Enlarge;Capacitors, Fixed;MLCC;Surface Mount Multilayer Ceramic Chip Capacitors for Non-Magnetic Applications;Surface Mount;500;15 nF;6.8 uF;X7R;image/capacitors/ceramic/ceramic-multilayer-smd/45227.png
VJ Hi-Rel Series;Enlarge;Capacitors, Fixed;MLCC;Surface Mount Multilayer Ceramic Chip Capacitors for High Reliability Applications;Surface Mount;600;1 pF;10 nF;C0G (NP0);image/capacitors/ceramic/ceramic-multilayer-smd/45200.png
VJ Non-Magnetic Series;Enlarge;Capacitors, Fixed;MLCC;Surface Mount Multilayer Ceramic Chip Capacitors for Non-Magnetic Applications;Surface Mount;600;1 pF;10 nF;C0G (NP0);image/capacitors/ceramic/ceramic-multilayer-smd/45227.png
VJ Non-Magnetic Series;Enlarge;Capacitors, Fixed;MLCC;Surface Mount Multilayer Ceramic Chip Capacitors for Non-Magnetic Applications;Surface Mount;1000;15 pF;33 nF;C0G (NP0);image/capacitors/ceramic/ceramic-multilayer-smd/45227.png
VJ Non-Magnetic Series;Enlarge;Capacitors, Fixed;MLCC;Surface Mount Multilayer Ceramic Chip Capacitors for Non-Magnetic Applications;Surface Mount;1000;100 pF;33 nF;C0G (NP0);image/capacitors/ceramic/ceramic-multilayer-smd/45227.png
VJ Non-Magnetic Series;Enlarge;Capacitors, Fixed;MLCC;Surface Mount Multilayer Ceramic Chip Capacitors for Non-Magnetic Applications;Surface Mount;1000;120 pF;39 nF;C0G (NP0);image/capacitors/ceramic/ceramic-multilayer-smd/45227.png
VJ Non-Magnetic Series;Enlarge;Capacitors, Fixed;MLCC;Surface Mount Multilayer Ceramic Chip Capacitors for Non-Magnetic Applications;Surface Mount;1000;10 nF;2.7 uF;X7R;image/capacitors/ceramic/ceramic-multilayer-smd/45227.png
VJ Non-Magnetic Series;Enlarge;Capacitors, Fixed;MLCC;Surface Mount Multilayer Ceramic Chip Capacitors for Non-Magnetic Applications;Surface Mount;2000;5.6 nF;4.7 uF;X7R;image/capacitors/ceramic/ceramic-multilayer-smd/45227.png
VJ Non-Magnetic Series;Enlarge;Capacitors, Fixed;MLCC;Surface Mount Multilayer Ceramic Chip Capacitors for Non-Magnetic Applications;Surface Mount;3000;27 pF;10 nF;C0G (NP0);image/capacitors/ceramic/ceramic-multilayer-smd/45227.png
VJ Non-Magnetic Series;Enlarge;Capacitors, Fixed;MLCC;Surface Mount Multilayer Ceramic Chip Capacitors for Non-Magnetic Applications;Surface Mount;3000;27 pF;22 nF;C0G (NP0);image/capacitors/ceramic/ceramic-multilayer-smd/45227.png
VJ Non-Magnetic Series;Enlarge;Capacitors, Fixed;MLCC;Surface Mount Multilayer Ceramic Chip Capacitors for Non-Magnetic Applications;Surface Mount;3000;220 pF;270 nF;X7R;image/capacitors/ceramic/ceramic-multilayer-smd/45227.png
VJ Non-Magnetic Series;Enlarge;Capacitors, Fixed;MLCC;Surface Mount Multilayer Ceramic Chip Capacitors for Non-Magnetic Applications;Surface Mount;3000;270 pF;1.0 uF;X7R;image/capacitors/ceramic/ceramic-multilayer-smd/45227.png
VJ Non-Magnetic Series;Enlarge;Capacitors, Fixed;MLCC;Surface Mount Multilayer Ceramic Chip Capacitors for Non-Magnetic Applications;Surface Mount;3000;1 nF;2.2 uF;X7R;image/capacitors/ceramic/ceramic-multilayer-smd/45227.png
VJ....W1BC Ultra High Q/Low ESR;Enlarge;Capacitors, Fixed;MLCC;Surface Mount Multilayer Ceramic Chip Capacitors for Ultra High Q Commodity Applications;Surface Mount;250;0.3 pF;47 pF;Ultra High Q;image/capacitors/ceramic/ceramic-multilayer-smd/28547.png
VJ....W1BC Ultra High Q/Low ESR;Enlarge;Capacitors, Fixed;MLCC;Surface Mount Multilayer Ceramic Chip Capacitors for Ultra High Q Commodity Applications;Surface Mount;250;0.3 pF;100 pF;Ultra High Q;image/capacitors/ceramic/ceramic-multilayer-smd/28547.png
